qid,question,group,instruction_type,run,instruction_used,step,text,draft_text,critic_feedback,n_tokens,draft_n_tokens
2hop__635544_110949,What is the date of birth of the person who was part of Ratata?,style,formality,0,,0,"Shirley Abicair. Shirley Abicair was born in Melbourne, Victoria, Australia. Some sources show her year of birth as 1935, but a contemporary account shows she was 23 or 24 on arrival in Britain and, as she had completed tertiary studies in Australia, the earlier date seems more likely. She was the only daughter of a Wing Commander in the RAAF.

Anno Domini. This calendar era is based on the traditionally reckoned year of the conception or birth of Jesus of Nazareth, with AD counting years from the start of this epoch, and BC denoting years before the start of the era. There is no year zero in this scheme, so the year AD 1 immediately follows the year 1 BC. This dating system was devised in 525 by Dionysius Exiguus of Scythia Minor, but was not widely used until after 800.

Švitrigaila. Švitrigaila was born to Algirdas, Grand Duke of Lithuania, and his second wife Uliana of Tver. His date of birth is unknown, but it is believed that he was the youngest or second youngest son of Algirdas. He first appeared in politics in October 1382 when he witnessed the Treaty of Dubysa between his elder brother Jogaila and the Teutonic Knights. Historians believe that would indicate that at the time Švitrigaila was no younger than 12 which would put his date of birth sometime before 1370. In a complaint submitted to the Council of Florence, Švitrigaila claimed that he and Jogaila were favorite sons of Algirdas. Before his death in 1377, Algirdas transferred his throne to Jogaila but made him swear to make Švitrigaila his heir. Jogaila's representatives did not outright deny the arrangement and instead claimed that it had been modified by mutual agreement between the brothers.

Natural-born-citizen clause. The U.S. Constitution uses but does not define the phrase ``natural born Citizen '', and various opinions have been offered over time regarding its precise meaning. The consensus of early 21st - century constitutional scholars, together with relevant case law, is that natural - born citizens include, subject to exceptions, those born in the United States. Many scholars have also concluded that those who meet the legal requirements for U.S. citizenship`` at the moment of birth'', regardless of place of birth, are also natural - born citizens. Every president to date was either a citizen at the adoption of the Constitution in 1789 or was born in the United States; of these there have been seven that had at least one parent who was not born on U.S. soil.

Australia Day. The meaning and significance of Australia Day has evolved over time. Unofficially, or historically, the date has also been variously named ``Anniversary Day '',`` Foundation Day'', and ``ANA Day ''. 26 January 1788 marked the proclamation of British sovereignty over the eastern seaboard of Australia (then known as New Holland). Although it was not known as Australia Day until over a century later, records of celebrations on 26 January date back to 1808, with the first official celebration of the formation of New South Wales held in 1818. On New Year's Day 1901, the British colonies of Australia formed a federation, marking the birth of modern Australia. A national day of unity and celebration was looked for. It was not until 1935 that all Australian states and territories adopted use of the term`` Australia Day'' to mark the date, and not until 1994 that the date was consistently marked by a public holiday on that day by all states and territories.

Giovanni Cifolelli. Giovanni Cifolelli was an Italian mandolin virtuoso and dramatic composer whose date and place of birth are unknown. In 1764 he made his appearance in Paris as a mandolin virtuoso and was highly esteemed, both as a performer and teacher. He published his ""Method for the mandolin"" while residing in Paris, which met with great success throughout France, being the most popular of its period.

Maureen Payne. Maureen Payne (date of birth unknown, died 1997, South Africa) was a South Africa Test cricketer. She captained the side for their second series, played against New Zealand in 1971–72. She appeared in five Tests for South Africa, claiming eight wickets.

List of Dragon Ball Super episodes. Name Date Discs Episodes Part One July 25, 2017 01 -- 13 Part Two October 3, 2017 14 -- 26 Part Three February 20, 2018 27 -- 39

Streams of Expression. Streams of Expression is the 20th studio album by American jazz musician Joe Lovano to be released on the Blue Note label. It was released in 2006 and features a five-part ""Streams of Expression Suite,"" three-part ""Birth of the Cool Suite,"" and three other shorter works. The ""Birth of the Cool Suite"" was conducted by Gunther Schuller and utilizes melodic themes inspired by Miles Davis' work from his 1948 and 1950 nonet. The album also features George Garzone, Ralph Lalama, Gary Smulyan, and Tim Hagans.

Pir Syed Muhammad Binyamin Rizvi. Pir Syed Muhammad Binyamin Rizvi (Urdu: پیر سید محمد بنیامین رضوی)date of Birth 15 Aug 1959 date of Death 24 June 2004) was a Pakistani politician. He was the oldest son of Pir Syed Mohammad Yaqoob Shah (a famous spiritual and religious scholar, and member of provincial assembly who died on 31 August 1991). On 24 June 2004 he was brutally murdered in Lahore near his House. He is buried next to his father late Pir Syed Mohammad Yaqoob Shah in his home town Phalia.

La naissance d'Osiris. La naissance d'Osiris, ou La fête Pamilie (""The Birth of Osiris, or The Festival of Pamylia"") is a one-act opera by Jean-Philippe Rameau, first performed on 12 October 1754 at Fontainebleau to celebrate the birth of the future King Louis XVI. The libretto is by Rameau's frequent collaborator Louis de Cahusac. Cahusac styled the work a ""ballet allégorique"" (""allegorical ballet""), but it is usually categorised as an ""acte de ballet"". Its slender plot tells of Jupiter's announcement to a group of Egyptian shepherds of the birth of the god Osiris, who symbolises the baby prince. The piece may have started life as part of a larger work, ""Les beaux jours de l'Amour"", an ""opéra-ballet"" Rameau and Cahusac planned but never completed for reasons which are still uncertain.

Sue Ryder. Her birth and death certificates both put the date one year later, on 3 July 1924, as does a plaque unveiled in honour of Sue Ryder and Leonard Cheshire in Cavendish Church in Suffolk. At the beginning of the war, Ryder volunteered to the First Aid Nursing Yeomanry, even though she was only 15. To get in, she lied about her age and seems to have maintained the deception for the rest of her life.

Pak Nam-gi. Pak Nam-gi or Park Nam-ki (21 February 1934 – 17 March 2010) was, until as late as January 2010, Director of the Planning and Finance Department of the ruling party of North Korea. There are doubts about his date of birth, with at least two unattributed sources reporting it as 21 February 1934 or sometime in 1928 respectively.

William Shakespeare. William Shakespeare was the son of John Shakespeare, an alderman and a successful glover (glove-maker) originally from Snitterfield, and Mary Arden, the daughter of an affluent landowning farmer. He was born in Stratford-upon-Avon and baptised there on 26 April 1564. His actual date of birth remains unknown, but is traditionally observed on 23 April, Saint George's Day. This date, which can be traced to a mistake made by an 18th-century scholar, has proved appealing to biographers because Shakespeare died on the same date in 1616. He was the third of eight children, and the eldest surviving son.

List of Soul Eater episodes. Partial box sets (DVD only) Name Release date Discs Episodes Part One February 9, 2010 1 - 13 Part Two March 30, 2010 14 - 26 Part Three June 1, 2010 27 - 39 Part Four July 27, 2010 40 - 51

Conscription in Australia. In 1964 compulsory National Service for 20 - year - old males was introduced under the National Service Act (1964). The selection of conscripts was made by a sortition or lottery draw based on date of birth, and conscripts were obligated to give two years' continuous full - time service, followed by a further three years on the active reserve list. The full - time service requirement was reduced to eighteen months in October 1971.

Clara Morris. Clara Morris (March 17, 1849 – November 20, 1925) (her birth date is sometimes given as 1846/48) was an American actress.

Ratata (band). Ratata was a Swedish pop group fronted by Swedish vocalist Mauro Scocco formed in 1980. It functioned as a 4-piece band until 1983, when it was disbanded. But Johan Ekelund having played with the band briefly continued to cooperate with Scocco continuing as a duo until 1989. The duo had a brief comeback in 2002.

Yang Meng. Yang Meng was the third son of Yang Xingmi, a major warlord at the end of Tang Dynasty as the military governor (""Jiedushi"") of Huainan Circuit (淮南, headquartered in modern Yangzhou, Jiangsu). It is not known when he was born, although his immediately older brother Yang Longyan was born in 897 and his immediately younger brother Yang Pu was born in 900, placing a timeframe on his birth date. His mother's name was not recorded in history.

Mauro Scocco. Mauro Scocco (born 11 September 1962) is a Swedish pop artist of Italian descent. He has been described as ""one of the sharpest songwriters in Sweden"". Scocco was the singer for the pop group Ratata (1980–83) transformed into a duo with Johan Ekelund (1983–89). After Ratata, Scocco has continued as a solo artist since. In 2014, he cooperated with Plura Jonsson releasing a joint album as ""Mauro & Plura"".",,,2308,0
2hop__635544_110949,What is the date of birth of the person who was part of Ratata?,style,formality,0,Make the text more formal.,1,"Shirley Abicair. Shirley Abicair was born in Melbourne, Victoria, Australia. Certain sources indicate her year of birth as 1935; however, contemporary accounts suggest that at the time of her arrival in Britain, she was either 23 or 24 years old, and given that she had already completed tertiary education in Australia, the earlier date is considered more probable. She was the only daughter of a Wing Commander in the Royal Australian Air Force.

Anno Domini. The Anno Domini era, also known as the Common Era, commences from the traditionally recognized year of the conception or birth of Jesus of Nazareth, with years enumerated as AD for those following the commencement of this era and BC for those preceding it. Within this system, there is no year designated as zero; therefore, the year AD 1 directly follows the year 1 BC. This method of dating was formulated in 525 by Dionysius Exiguus of Scythia Minor, though it did not come into widespread use until after the year 800.

Švitrigaila. Švitrigaila was the son of Algirdas, Grand Duke of Lithuania, and his second wife, Uliana of Tver. The exact date of his birth remains undetermined; however, as his eldest brother, Yang Longyan, was born in 897 and his youngest brother, Yang Pu, in 900, this situates Švitrigaila’s birth within that interval. His first appearance in the political sphere occurred in October 1382, when he served as a witness to the Treaty of Dubysa between his elder brother Jogaila and the Teutonic Knights. Historians infer from this that, at the time, Švitrigaila was no younger than 12 years old, which would place his birth sometime prior to 1360. Prior to Algirdas’s death on 31 August 1377, the grand duke transferred the throne to Jogaila, stipulating that Jogaila must pledge to designate Švitrigaila as his heir. The representatives of Jogaila did not explicitly deny this arrangement but rather suggested that it had been altered by mutual agreement between the brothers.

Natural-Born Citizen Clause. The United States Constitution employs the phrase “natural-born Citizen” without providing a formal definition. Over time, various interpretations have been offered regarding its precise legal meaning. Contemporary constitutional scholars, in conjunction with pertinent case law, generally agree that natural-born citizens encompass, subject to certain exceptions, those born within the United States. Additionally, numerous scholars have concluded that individuals who satisfied the requirements for United States citizenship at the time of their birth, irrespective of location, are also considered natural-born citizens. To date, every President of the United States was either already a citizen at the time of the Constitution’s adoption in 1789 or was born in the United States; among these, seven had at least one parent who was not born on American soil.

Pir Syed Muhammad Binyamin Rizvi. Pir Syed Muhammad Binyamin Rizvi (Urdu: پیر سید محمد بنیامین رضوی; 15 August 1959 – 24 June 2004) was a Pakistani politician. He was the eldest son of Pir Syed Mohammad Yaqoob Shah, a distinguished spiritual and religious scholar and member of the provincial assembly. Pir Syed Mohammad Yaqoob Shah died on 31 August 1991. Pir Syed Muhammad Binyamin Rizvi was tragically assassinated on 24 June 2004 in Lahore near his residence. He is interred beside his father in their ancestral hometown of Phalia.

Yang Meng. Yang Meng was the third son of Yang Xingmi, a prominent warlord at the end of the Tang Dynasty and the military governor (Jiedushi) of Huainan Circuit (with its headquarters in present-day Yangzhou, Jiangsu). The exact date of his birth is unknown; however, as his eldest brother, Yang Longyan, was born in 897 and his youngest brother, Yang Pu, in 900, this situates Yang Meng’s birth within that interval. His mother’s identity is not recorded in historical sources.

List of Dragon Ball Super Episodes. Part One July 25, 2017 01 -- 13  
Part Two October 3, 2017 14 -- 26  
Part Three February 20, 2018 27 -- 39","Shirley Abicair. Shirley Abicair was born in Melbourne, Victoria, Australia. Certain sources indicate her year of birth as 1935; however, contemporary accounts suggest that at the time of her arrival in Britain, she was either 23 or 24 years old, and given that she had already completed tertiary education in Australia, the earlier date is considered more probable. She was the only daughter of a Wing Commander in the Royal Australian Air Force.

Anno Domini. The Anno Domini era, also known as the Common Era, commences from the traditionally recognized year of the conception or birth of Jesus of Nazareth, with years enumerated as AD for those following the commencement of this era and BC for those preceding it. Within this system, there is no year designated as zero; therefore, the year AD 1 directly follows the year 1 BC. This method of dating was formulated in 525 by Dionysius Exiguus of Scythia Minor, though it did not come into widespread use until after the year 800.

Švitrigaila. Švitrigaila was the son of Algirdas, Grand Duke of Lithuania, and his second wife, Uliana of Tver. The exact date of his birth remains undetermined; however, it is believed that he was the youngest or second youngest of Algirdas's sons. Švitrigaila first appeared in the political sphere in October 1382, when he served as a witness to the Treaty of Dubysa between his elder brother Jogaila and the Teutonic Knights. Historians infer from this that, at the time, Švitrigaila was no younger than 12 years old, which would place his birth sometime prior to 1370. In a petition presented to the Council of Florence, Švitrigaila asserted that both he and Jogaila were the favored sons of Algirdas. Prior to Algirdas's death in 1377, the grand duke transferred the throne to Jogaila, stipulating that Jogaila must pledge to designate Švitrigaila as his heir. The representatives of Jogaila did not explicitly deny this arrangement but rather suggested that it had been altered by mutual agreement between the brothers.

Natural-Born Citizen Clause. The United States Constitution employs the phrase “natural-born Citizen” without providing a formal definition. Over time, various interpretations have been offered regarding its precise legal meaning. Contemporary constitutional scholars, in conjunction with pertinent case law, generally agree that natural-born citizens encompass, subject to certain exceptions, those born within the United States. Additionally, numerous scholars have concluded that individuals who satisfied the requirements for United States citizenship at the moment of their birth, irrespective of location, are also considered natural-born citizens. To date, every President of the United States was either already a citizen at the time of the Constitution’s adoption in 1789 or was born in the United States; among these, seven had at least one parent who was not born on American soil.

La Naissance d'Osiris. La naissance d'Osiris, or La fête Pamilie (“The Birth of Osiris, or The Festival of Pamylia”), is a one-act opera composed by Jean-Philippe Rameau. It premiered on 12 October 1754 at Fontainebleau in honor of the birth of the future King Louis XVI. The libretto was written by Louis de Cahusac, Rameau’s frequent collaborator. Cahusac referred to the work as an “allegorical ballet,” though it is more commonly classified as an “acte de ballet.” The opera’s narrative revolves around Jupiter announcing to a group of Egyptian shepherds the birth of Osiris, who symbolizes the infant prince.

Mauro Scocco. Mauro Scocco, born on 11 September 1962, is a Swedish pop artist of Italian heritage. He has been described as “one of the most astute songwriters in Sweden.” Scocco was the lead vocalist of the pop group Ratata from 1980 until 1983, after which the group was reconstituted as a duo with Johan Ekelund until 1989. Following the dissolution of Ratata, Scocco has pursued a solo career. In 2014, he collaborated with Plura Jonsson to release a joint album under the name “Mauro & Plura.”

Pir Syed Muhammad Binyamin Rizvi. Pir Syed Muhammad Binyamin Rizvi (Urdu: پیر سید محمد بنیامین رضوی; 15 August 1959 – 24 June 2004) was a Pakistani politician. He was the eldest son of Pir Syed Mohammad Yaqoob Shah, a distinguished spiritual and religious scholar as well as a member of the provincial assembly, who passed away on 31 August 1991. Pir Syed Muhammad Binyamin Rizvi was tragically assassinated on 24 June 2004 in Lahore near his residence. He is interred beside his father in their ancestral hometown of Phalia.

Yang Meng. Yang Meng was the third son of Yang Xingmi, a prominent warlord at the close of the Tang Dynasty and the military governor (Jiedushi) of Huainan Circuit (with its headquarters in present-day Yangzhou, Jiangsu). The precise date of his birth is unknown; however, as his eldest brother, Yang Longyan, was born in 897, and his youngest brother, Yang Pu, in 900, this situates Yang Meng’s birth within that interval. His mother’s identity is not recorded in historical sources.

List of Dragon Ball Super Episodes. Title Release Date Discs Episodes Part One 25 July 2017 Discs 1 – 13 Part Two 3 October 2017 Discs 14 – 26 Part Three 20 February 2018 Discs 27 – 39

Conscription in Australia. In 1964, compulsory National Service was instituted for males aged 20, pursuant to the National Service Act (1964). Conscription was determined by a random lottery based on date of birth, and conscripts were required to provide two years of continuous full-time service, followed by an additional three years on the active reserve list. The duration of full-time service was subsequently shortened to eighteen months in October 1971.","Verdict: The draft is mostly faithful to the original, but there are minor inconsistencies and one factual error regarding the date of Algirdas's death and the name of the future king in the Rameau opera entry.

Issues:
- Issue: ""died on 31 August 1991"" — Correction: The original states ""died on 31 August 1377"" for Algirdas, but in the context of Pir Syed Muhammad Binyamin Rizvi's father, the correct death date is 31 August 1991 (as in the draft), but the original refers to the father as Pir Syed Mohammad Yaqoob Shah, while the draft uses ""Pir Syed Mohammad Yaqoob Shah"" (spelling and diacritics differ, but this is not a factual change). However, the draft incorrectly refers to the future king as ""the future King Louis XVI"" in the Rameau opera entry, while the original says ""in honor of the birth of the future King Louis XVI"" (the draft omits ""in honor of the birth of""), but the main factual distortion is the omission of the purpose of the premiere. Correction: The original specifies ""in honor of the birth of the future King Louis XVI.""
- Issue: ""died on 31 August 1991"" — Correction: The original says ""died on 31 August 1991"" (so this is consistent, but the draft omits the phrase ""future King"" and the context of the premiere for the Rameau entry. Correction: The original says ""premiered on 12 October 1754 at Fontainebleau in honor of the birth of the future King Louis XVI.""
- Issue: ""Pamilie"" — Correction: The original uses ""Pamylia"" (spelling and transliteration differ, but this is not a substantive factual error unless the transliteration is required to be consistent; however, the original says ""Pamylia,"" so the draft's ""Pamilie"" is a minor spelling variation, but for accuracy, it should match the original. Correction: The original uses ""Pamylia.""
- Issue: ""discs 1 – 13"" and similar phrasing — Correction: The original uses ""Part One February 9, 2017 1 -- 13"" (with a space and double hyphen, and the month is July in the original for Dragon Ball Super, but the draft says ""25 July 2017 Discs 1 – 13"" (original says ""Part One July 25, 2017 01 -- 13""). Correction: The original uses ""Part One July 25, 2017 01 -- 13"" (draft omits the double hyphen and uses ""Discs"" instead of the original's ""Part One"" and disc numbers, but the factual content is consistent except for formatting. However, the original says ""Part One July 25, 2017 01 -- 13"" (draft says ""25 July 2017 Discs 1 – 13""). Correction: The original uses ""Part One July 25, 2017 01 -- 13"" (the draft's ""Discs 1 – 13"" is not a factual change, but the original uses ""Part One"" and double hyphens for episode numbers.)
- Issue: In the ""Conscription in Australia"" entry, the original says ""the National Service Act (1964)"" and ""the full-time service requirement was reduced to eighteen months in October 1971."" The draft says ""pursuant to the National Service Act (1964)"" and ""the duration of full-time service was subsequently shortened to eighteen months in October 1971."" This is acceptable as rephrasing, but the draft says ""males aged 20,"" while the original says ""20-year-old males."" This is not a factual change, but the original uses ""20-year-old males,"" which is more precise. Correction: The original says ""for 20-year-old males.""
- Issue: In the ""Pir Syed Muhammad Binyamin Rizvi"" entry, the original says ""Pir Syed Mohammad Yaqoob Shah,"" while the draft says ""Pir Syed Mohammad Yaqoob Shah."" However, the original says ""Pir Syed Mohammad Yaqoob Shah,"" but the draft omits the father's title ""Pir"" in the parenthetical. Correction: The original includes ""Pir"" before the father's name in the parenthetical: ""Pir Syed Mohammad Yaqoob Shah.""
- Issue: In the ""La naissance d'Osiris"" entry, the draft omits the phrase ""in honor of the birth of the future King Louis XVI."" Correction: The original includes ""in honor of the birth of the future King Louis XVI.""
- Issue: In the ""Yang Meng"" entry, the",928,1323
2hop__635544_110949,What is the date of birth of the person who was part of Ratata?,style,paraphrase,0,,0,"Shirley Abicair. Shirley Abicair was born in Melbourne, Victoria, Australia. Some sources show her year of birth as 1935, but a contemporary account shows she was 23 or 24 on arrival in Britain and, as she had completed tertiary studies in Australia, the earlier date seems more likely. She was the only daughter of a Wing Commander in the RAAF.

Anno Domini. This calendar era is based on the traditionally reckoned year of the conception or birth of Jesus of Nazareth, with AD counting years from the start of this epoch, and BC denoting years before the start of the era. There is no year zero in this scheme, so the year AD 1 immediately follows the year 1 BC. This dating system was devised in 525 by Dionysius Exiguus of Scythia Minor, but was not widely used until after 800.

Švitrigaila. Švitrigaila was born to Algirdas, Grand Duke of Lithuania, and his second wife Uliana of Tver. His date of birth is unknown, but it is believed that he was the youngest or second youngest son of Algirdas. He first appeared in politics in October 1382 when he witnessed the Treaty of Dubysa between his elder brother Jogaila and the Teutonic Knights. Historians believe that would indicate that at the time Švitrigaila was no younger than 12 which would put his date of birth sometime before 1370. In a complaint submitted to the Council of Florence, Švitrigaila claimed that he and Jogaila were favorite sons of Algirdas. Before his death in 1377, Algirdas transferred his throne to Jogaila but made him swear to make Švitrigaila his heir. Jogaila's representatives did not outright deny the arrangement and instead claimed that it had been modified by mutual agreement between the brothers.

Natural-born-citizen clause. The U.S. Constitution uses but does not define the phrase ``natural born Citizen '', and various opinions have been offered over time regarding its precise meaning. The consensus of early 21st - century constitutional scholars, together with relevant case law, is that natural - born citizens include, subject to exceptions, those born in the United States. Many scholars have also concluded that those who meet the legal requirements for U.S. citizenship`` at the moment of birth'', regardless of place of birth, are also natural - born citizens. Every president to date was either a citizen at the adoption of the Constitution in 1789 or was born in the United States; of these there have been seven that had at least one parent who was not born on U.S. soil.

Australia Day. The meaning and significance of Australia Day has evolved over time. Unofficially, or historically, the date has also been variously named ``Anniversary Day '',`` Foundation Day'', and ``ANA Day ''. 26 January 1788 marked the proclamation of British sovereignty over the eastern seaboard of Australia (then known as New Holland). Although it was not known as Australia Day until over a century later, records of celebrations on 26 January date back to 1808, with the first official celebration of the formation of New South Wales held in 1818. On New Year's Day 1901, the British colonies of Australia formed a federation, marking the birth of modern Australia. A national day of unity and celebration was looked for. It was not until 1935 that all Australian states and territories adopted use of the term`` Australia Day'' to mark the date, and not until 1994 that the date was consistently marked by a public holiday on that day by all states and territories.

Giovanni Cifolelli. Giovanni Cifolelli was an Italian mandolin virtuoso and dramatic composer whose date and place of birth are unknown. In 1764 he made his appearance in Paris as a mandolin virtuoso and was highly esteemed, both as a performer and teacher. He published his ""Method for the mandolin"" while residing in Paris, which met with great success throughout France, being the most popular of its period.

Maureen Payne. Maureen Payne (date of birth unknown, died 1997, South Africa) was a South Africa Test cricketer. She captained the side for their second series, played against New Zealand in 1971–72. She appeared in five Tests for South Africa, claiming eight wickets.

List of Dragon Ball Super episodes. Name Date Discs Episodes Part One July 25, 2017 01 -- 13 Part Two October 3, 2017 14 -- 26 Part Three February 20, 2018 27 -- 39

Streams of Expression. Streams of Expression is the 20th studio album by American jazz musician Joe Lovano to be released on the Blue Note label. It was released in 2006 and features a five-part ""Streams of Expression Suite,"" three-part ""Birth of the Cool Suite,"" and three other shorter works. The ""Birth of the Cool Suite"" was conducted by Gunther Schuller and utilizes melodic themes inspired by Miles Davis' work from his 1948 and 1950 nonet. The album also features George Garzone, Ralph Lalama, Gary Smulyan, and Tim Hagans.

Pir Syed Muhammad Binyamin Rizvi. Pir Syed Muhammad Binyamin Rizvi (Urdu: پیر سید محمد بنیامین رضوی)date of Birth 15 Aug 1959 date of Death 24 June 2004) was a Pakistani politician. He was the oldest son of Pir Syed Mohammad Yaqoob Shah (a famous spiritual and religious scholar, and member of provincial assembly who died on 31 August 1991). On 24 June 2004 he was brutally murdered in Lahore near his House. He is buried next to his father late Pir Syed Mohammad Yaqoob Shah in his home town Phalia.

La naissance d'Osiris. La naissance d'Osiris, ou La fête Pamilie (""The Birth of Osiris, or The Festival of Pamylia"") is a one-act opera by Jean-Philippe Rameau, first performed on 12 October 1754 at Fontainebleau to celebrate the birth of the future King Louis XVI. The libretto is by Rameau's frequent collaborator Louis de Cahusac. Cahusac styled the work a ""ballet allégorique"" (""allegorical ballet""), but it is usually categorised as an ""acte de ballet"". Its slender plot tells of Jupiter's announcement to a group of Egyptian shepherds of the birth of the god Osiris, who symbolises the baby prince. The piece may have started life as part of a larger work, ""Les beaux jours de l'Amour"", an ""opéra-ballet"" Rameau and Cahusac planned but never completed for reasons which are still uncertain.

Sue Ryder. Her birth and death certificates both put the date one year later, on 3 July 1924, as does a plaque unveiled in honour of Sue Ryder and Leonard Cheshire in Cavendish Church in Suffolk. At the beginning of the war, Ryder volunteered to the First Aid Nursing Yeomanry, even though she was only 15. To get in, she lied about her age and seems to have maintained the deception for the rest of her life.

Pak Nam-gi. Pak Nam-gi or Park Nam-ki (21 February 1934 – 17 March 2010) was, until as late as January 2010, Director of the Planning and Finance Department of the ruling party of North Korea. There are doubts about his date of birth, with at least two unattributed sources reporting it as 21 February 1934 or sometime in 1928 respectively.

William Shakespeare. William Shakespeare was the son of John Shakespeare, an alderman and a successful glover (glove-maker) originally from Snitterfield, and Mary Arden, the daughter of an affluent landowning farmer. He was born in Stratford-upon-Avon and baptised there on 26 April 1564. His actual date of birth remains unknown, but is traditionally observed on 23 April, Saint George's Day. This date, which can be traced to a mistake made by an 18th-century scholar, has proved appealing to biographers because Shakespeare died on the same date in 1616. He was the third of eight children, and the eldest surviving son.

List of Soul Eater episodes. Partial box sets (DVD only) Name Release date Discs Episodes Part One February 9, 2010 1 - 13 Part Two March 30, 2010 14 - 26 Part Three June 1, 2010 27 - 39 Part Four July 27, 2010 40 - 51

Conscription in Australia. In 1964 compulsory National Service for 20 - year - old males was introduced under the National Service Act (1964). The selection of conscripts was made by a sortition or lottery draw based on date of birth, and conscripts were obligated to give two years' continuous full - time service, followed by a further three years on the active reserve list. The full - time service requirement was reduced to eighteen months in October 1971.

Clara Morris. Clara Morris (March 17, 1849 – November 20, 1925) (her birth date is sometimes given as 1846/48) was an American actress.

Ratata (band). Ratata was a Swedish pop group fronted by Swedish vocalist Mauro Scocco formed in 1980. It functioned as a 4-piece band until 1983, when it was disbanded. But Johan Ekelund having played with the band briefly continued to cooperate with Scocco continuing as a duo until 1989. The duo had a brief comeback in 2002.

Yang Meng. Yang Meng was the third son of Yang Xingmi, a major warlord at the end of Tang Dynasty as the military governor (""Jiedushi"") of Huainan Circuit (淮南, headquartered in modern Yangzhou, Jiangsu). It is not known when he was born, although his immediately older brother Yang Longyan was born in 897 and his immediately younger brother Yang Pu was born in 900, placing a timeframe on his birth date. His mother's name was not recorded in history.

Mauro Scocco. Mauro Scocco (born 11 September 1962) is a Swedish pop artist of Italian descent. He has been described as ""one of the sharpest songwriters in Sweden"". Scocco was the singer for the pop group Ratata (1980–83) transformed into a duo with Johan Ekelund (1983–89). After Ratata, Scocco has continued as a solo artist since. In 2014, he cooperated with Plura Jonsson releasing a joint album as ""Mauro & Plura"".",,,2308,0
2hop__635544_110949,What is the date of birth of the person who was part of Ratata?,style,paraphrase,0,Paraphrase this.,1,"Shirley Abicair. Born in Melbourne, Victoria, Australia, the exact year of her birth is uncertain. Some references cite 1935, but a contemporary account suggests she was 23 or 24 years old when she arrived in Britain. Given that she had already completed higher education in Australia, the earlier year is considered more likely. She was the sole daughter of a Royal Australian Air Force Wing Commander.

Anno Domini. This era, commonly used for dating years, is based on the traditionally recognized year of the conception or birth of Jesus of Nazareth. Years are counted from the start of this era, with BC indicating years prior. There is no year zero in this system; AD 1 follows directly after 1 BC. The system was created by Dionysius Exiguus of Scythia Minor in 525, but widespread adoption did not occur until after 800.

Švitrigaila. Švitrigaila was the son of Algirdas, Grand Duke of Lithuania, and his second wife, Uliana of Tver. His exact birth date is unknown, though he is believed to have been the youngest or second youngest of Algirdas’s children. He was present as a witness to the Treaty of Dubysa in October 1382, suggesting he was at least 12 years old by then, placing his birth sometime before 1370. Upon Algirdas’s death in 1377, Algirdas instructed Jogaila, his eldest son, to make Švitrigaila his successor, and Jogaila reportedly agreed, though the arrangement may have been modified later by mutual consent between the brothers.

Natural-born citizen clause. The U.S. Constitution includes the phrase ""natural born Citizen"" without providing a definition for it. Over time, different interpretations have been offered. However, current scholarly consensus and relevant court rulings generally agree that individuals who are citizens from birth, with some exceptions, and those born on U.S. soil are considered natural-born citizens. Every president to date was either a citizen at the adoption of the Constitution in 1789 or was born in the United States; of these, there have been seven that had at least one parent who was not born on U.S. soil.

Mauro Scocco. Born on 11 September 1962, Mauro Scocco is a Swedish pop artist of Italian heritage. Described as one of Sweden’s sharpest songwriters, Scocco performed with the band Ratata from 1980 to 1983. After Ratata disbanded, Scocco pursued a solo career. In 2014, he collaborated with Plura Jonsson, releasing an album credited to ""Mauro & Plura"".

Pir Syed Muhammad Binyamin Rizvi (Urdu: پیر سید محمد بنیامین رضوی) (birth date unknown, died 24 June 2004) was a Pakistani politician and the eldest son of Pir Syed Mohammad Yaqoob Shah, a well-known spiritual leader and provincial assembly member who died on 31 August 1991. Pir Syed Muhammad Binyamin Rizvi died on 24 June 2004 and is buried next to his father in Phalia.

La naissance d'Osiris. This one-act opera by Jean-Philippe Rameau, with a libretto by Louis de Cahusac, premiered on 12 October 1754 in Fontainebleau to commemorate the birth of the future King Louis XVI. The work centers on Jupiter’s announcement to a group of Egyptian shepherds of the birth of the god Osiris, who symbolizes the baby prince.","Shirley Abicair. Born in Melbourne, Victoria, Australia, the exact year of Shirley Abicair's birth is uncertain. Some references cite 1935, but a contemporary account suggests she was 23 or 24 years old when she arrived in Britain. Given that she had already completed higher education in Australia, the earlier year is considered more likely. She was the sole daughter of a Royal Australian Air Force Wing Commander.

Anno Domini. This era, commonly used for dating years, is based on the traditionally recognized year of Jesus of Nazareth's conception or birth. Years are counted from the start of this era, with BC indicating years prior. There is no year zero in this system; AD 1 follows directly after 1 BC. The system was created by Dionysius Exiguus from Scythia Minor in 525, but widespread adoption did not occur until after 800.

Švitrigaila. Švitrigaila was the son of Algirdas, Grand Duke of Lithuania, and his second wife, Uliana of Tver. His exact birth date is unknown, though he is believed to have been the youngest or second youngest of Algirdas’s children. He was present as a witness to the Treaty of Dubysa in October 1382, suggesting he was at least 12 years old by then, placing his birth sometime before 1370. Upon Algirdas’s death in 1377, Algirdas instructed Jogaila, his eldest son, to make Švitrigaila his successor, and Jogaila reportedly agreed to this arrangement, though it may have been modified later by mutual consent between the brothers.

Natural-born citizen clause. The U.S. Constitution includes the phrase ""natural born Citizen"" without providing a definition for it. Over time, different interpretations have been offered. However, current scholarly consensus and relevant court rulings generally agree that individuals who are citizens from birth, with some exceptions, and those born on U.S. soil are considered natural-born citizens. Up to the early 21st century, every U.S. president either was already a citizen when the Constitution was adopted in 1789 or was born in the United States, and among them, seven had at least one parent who was not born in the U.S.

Yang Meng. Yang Meng was the third son of Yang Xingmi, a prominent warlord and military governor of Huainan Circuit at the close of the Tang Dynasty, with Yang Xingmi based in what is now Yangzhou, Jiangsu. The exact date of Yang Meng's birth is not recorded, but he was likely born between 897, the birth year of his older brother Yang Longyan, and 900, the birth year of his younger brother Yang Pu.

Mauro Scocco. Born on 11 September 1962, Mauro Scocco is a Swedish pop artist with Italian heritage. Described as one of Sweden’s sharpest songwriters, Scocco performed with the band Ratata from 1980 to 1983, and the group continued as a duo with Johan Ekelund until 1989. After Ratata disbanded, Scocco pursued a solo career. In 2014, he collaborated with Plura Jonsson, releasing an album credited to ""Mauro & Plura"".

Clara Morris. Clara Morris, whose birth and death dates are recorded as March 17, 1849 to November 20, 1925, though some sources give her birth year as 1846 or 1848, was an American actress.

Pir Syed Muhammad Binyamin Rizvi. Pir Syed Muhammad Binyamin Rizvi (15 August 1959 – 24 June 2004) was a Pakistani politician and the eldest son of Pir Syed Mohammad Yaqoob Shah, a well-known spiritual leader and provincial assembly member who died on 31 August 1991. Pir Syed Muhammad Binyamin Rizvi was killed in Lahore in 2004 and is buried next to his father in Phalia.

La naissance d'Osiris. This one-act opera by Jean-Philippe Rameau, with a libretto by Louis de Cahusac, premiered on 12 October 1754 in Fontainebleau to commemorate the birth of the future King Louis XVI. Although described as an ""allegorical ballet,"" it is generally classified as an ""acte de ballet."" The opera centers on Jupiter announcing the birth of Osiris, who symbolizes the infant king, to a group of Egyptian shepherds.

Conscription in Australia. Beginning in 1964, compulsory national service for men turning 20 was instituted through the National Service Act. Conscription was determined by a random lottery based on date of birth, and conscripts were required to serve two years of full-time duty, followed by three years in the active reserves. The period of full-time service was shortened to eighteen months in October 1971.

Ratata (band). Ratata, a Swedish pop group led by singer Mauro Scocco, was established in 1980. The group operated as a four-member band until 1983 when it disbanded, though Johan Ekelund, who played with them briefly, maintained a musical partnership with Scocco as a duo until 1989, and they reunited for a short period in 2002.

List of Soul Eater episodes. Compilation box sets (DVD only) Name Release date Discs Episodes Part One February 9, 2010 1 – 13 Part Two March 30, 2010 14 – 26 Part Three June 1, 2010 27 – 39 Part Four July 27, 2010 40 – 51","Verdict: The draft is mostly faithful to the original, but there are several minor factual inaccuracies and one significant error regarding the date of Pir Syed Muhammad Binyamin Rizvi's death and the description of the U.S. Natural-born citizen clause. Other details are accurately reflected or within acceptable paraphrase.

Issues:
- Issue: ""was killed in Lahore in 2004"" — Correction: ""died 24 June 2004"" (original specifies the date and uses ""died"" rather than ""killed,"" and the year should be 2004, not 2004 as a standalone year without the month and day, and the term ""killed"" is less precise than ""died"").
- Issue: ""Ratata, a Swedish pop group led by singer Mauro Scocco, was established in 1980"" — Correction: ""Ratata was a Swedish pop group fronted by Swedish vocalist Mauro Scocco formed in 1980."" (The original specifies ""fronted by Swedish vocalist Mauro Scocco,"" which is more precise than ""led by singer Mauro Scocco."")
- Issue: ""The group operated as a four-member band until 1983 when it disbanded, though Johan Ekelund, who played with them briefly, maintained a musical partnership with Scocco as a duo until 1989, and they reunited for a short period in 2002."" — Correction: ""Ratata functioned as a 4-piece band until 1983, when it was disbanded. But Johan Ekelund, having played with the band briefly, continued to cooperate with Scocco as a duo until 1989. The duo had a brief comeback in 2002."" (The original says ""continued as a duo with Johan Ekelund until 1989"" and ""had a brief comeback in 2002,"" not ""operated as a four-member band until 1983"" and ""maintained a musical partnership with Scocco as a duo until 1989."" The original does not specify the group was a four-member band, only that it functioned as a 4-piece band until 1983.)
- Issue: ""Natural-born citizen clause. The U.S. Constitution includes the phrase 'natural born Citizen' without providing a definition for it. Over time, different interpretations have been offered. However, current scholarly consensus and relevant court rulings generally agree that individuals who are citizens from birth, with some exceptions, and those born on U.S. soil are considered natural-born citizens. Up to the early 21st century, every U.S. president either was already a citizen when the Constitution was adopted in 1789 or was born in the United States; of these, seven had at least one parent who was not born on U.S. soil."" — Correction: ""Every president to date was either a citizen at the adoption of the Constitution in 1789 or was born in the United States; of these there have been seven that had at least one parent who was not born on U.S. soil."" (The original specifies ""to date,"" not ""up to the early 21st century,"" and uses ""there have been seven,"" not ""these, seven had at least one parent who was not born on U.S. soil."")
- Issue: ""The opera centers on Jupiter announcing the birth of Osiris, who symbolizes the infant king, to a group of Egyptian shepherds."" — Correction: ""Jupiter's announcement to a group of Egyptian shepherds of the birth of the god Osiris, who symbolises the baby prince."" (The original says ""the birth of the god Osiris, who symbolises the baby prince."")
- Issue: ""Ratata, a Swedish pop group led by singer Mauro Scocco, was established in 1980."" — Correction: ""Ratata was a Swedish pop group fronted by Swedish vocalist Mauro Scocco formed in 1980."" (The original specifies ""fronted by Swedish vocalist Mauro Scocco."")
- Issue: ""Pir Syed Muhammad Binyamin Rizvi (Urdu: پیر سید محمد بنیامین رضوی) date of Birth 15 Aug 1959 date of Death 24 June 2004) was a Pakistani politician."" — Correction: ""Pir Syed Muhammad Binyamin Rizvi (Urdu: پیر سید محمد بنیامین رضوی) (birth date unknown, died 24 June 2004) was a Pakistani politician."" (The original states the birth date is unknown, not 15 Aug 1959.)
- Issue: ""The group operated as a four-member band until 1983 when it disbanded, though Johan Ekelund, who played with them briefly, maintained a musical partnership with Scocco as a duo until 1989."" — Correction: ""Ratata functioned as a 4-piece band",758,1185
2hop__635544_110949,What is the date of birth of the person who was part of Ratata?,content,shorten,0,,0,"Shirley Abicair. Shirley Abicair was born in Melbourne, Victoria, Australia. Some sources show her year of birth as 1935, but a contemporary account shows she was 23 or 24 on arrival in Britain and, as she had completed tertiary studies in Australia, the earlier date seems more likely. She was the only daughter of a Wing Commander in the RAAF.

Anno Domini. This calendar era is based on the traditionally reckoned year of the conception or birth of Jesus of Nazareth, with AD counting years from the start of this epoch, and BC denoting years before the start of the era. There is no year zero in this scheme, so the year AD 1 immediately follows the year 1 BC. This dating system was devised in 525 by Dionysius Exiguus of Scythia Minor, but was not widely used until after 800.

Švitrigaila. Švitrigaila was born to Algirdas, Grand Duke of Lithuania, and his second wife Uliana of Tver. His date of birth is unknown, but it is believed that he was the youngest or second youngest son of Algirdas. He first appeared in politics in October 1382 when he witnessed the Treaty of Dubysa between his elder brother Jogaila and the Teutonic Knights. Historians believe that would indicate that at the time Švitrigaila was no younger than 12 which would put his date of birth sometime before 1370. In a complaint submitted to the Council of Florence, Švitrigaila claimed that he and Jogaila were favorite sons of Algirdas. Before his death in 1377, Algirdas transferred his throne to Jogaila but made him swear to make Švitrigaila his heir. Jogaila's representatives did not outright deny the arrangement and instead claimed that it had been modified by mutual agreement between the brothers.

Natural-born-citizen clause. The U.S. Constitution uses but does not define the phrase ``natural born Citizen '', and various opinions have been offered over time regarding its precise meaning. The consensus of early 21st - century constitutional scholars, together with relevant case law, is that natural - born citizens include, subject to exceptions, those born in the United States. Many scholars have also concluded that those who meet the legal requirements for U.S. citizenship`` at the moment of birth'', regardless of place of birth, are also natural - born citizens. Every president to date was either a citizen at the adoption of the Constitution in 1789 or was born in the United States; of these there have been seven that had at least one parent who was not born on U.S. soil.

Australia Day. The meaning and significance of Australia Day has evolved over time. Unofficially, or historically, the date has also been variously named ``Anniversary Day '',`` Foundation Day'', and ``ANA Day ''. 26 January 1788 marked the proclamation of British sovereignty over the eastern seaboard of Australia (then known as New Holland). Although it was not known as Australia Day until over a century later, records of celebrations on 26 January date back to 1808, with the first official celebration of the formation of New South Wales held in 1818. On New Year's Day 1901, the British colonies of Australia formed a federation, marking the birth of modern Australia. A national day of unity and celebration was looked for. It was not until 1935 that all Australian states and territories adopted use of the term`` Australia Day'' to mark the date, and not until 1994 that the date was consistently marked by a public holiday on that day by all states and territories.

Giovanni Cifolelli. Giovanni Cifolelli was an Italian mandolin virtuoso and dramatic composer whose date and place of birth are unknown. In 1764 he made his appearance in Paris as a mandolin virtuoso and was highly esteemed, both as a performer and teacher. He published his ""Method for the mandolin"" while residing in Paris, which met with great success throughout France, being the most popular of its period.

Maureen Payne. Maureen Payne (date of birth unknown, died 1997, South Africa) was a South Africa Test cricketer. She captained the side for their second series, played against New Zealand in 1971–72. She appeared in five Tests for South Africa, claiming eight wickets.

List of Dragon Ball Super episodes. Name Date Discs Episodes Part One July 25, 2017 01 -- 13 Part Two October 3, 2017 14 -- 26 Part Three February 20, 2018 27 -- 39

Streams of Expression. Streams of Expression is the 20th studio album by American jazz musician Joe Lovano to be released on the Blue Note label. It was released in 2006 and features a five-part ""Streams of Expression Suite,"" three-part ""Birth of the Cool Suite,"" and three other shorter works. The ""Birth of the Cool Suite"" was conducted by Gunther Schuller and utilizes melodic themes inspired by Miles Davis' work from his 1948 and 1950 nonet. The album also features George Garzone, Ralph Lalama, Gary Smulyan, and Tim Hagans.

Pir Syed Muhammad Binyamin Rizvi. Pir Syed Muhammad Binyamin Rizvi (Urdu: پیر سید محمد بنیامین رضوی)date of Birth 15 Aug 1959 date of Death 24 June 2004) was a Pakistani politician. He was the oldest son of Pir Syed Mohammad Yaqoob Shah (a famous spiritual and religious scholar, and member of provincial assembly who died on 31 August 1991). On 24 June 2004 he was brutally murdered in Lahore near his House. He is buried next to his father late Pir Syed Mohammad Yaqoob Shah in his home town Phalia.

La naissance d'Osiris. La naissance d'Osiris, ou La fête Pamilie (""The Birth of Osiris, or The Festival of Pamylia"") is a one-act opera by Jean-Philippe Rameau, first performed on 12 October 1754 at Fontainebleau to celebrate the birth of the future King Louis XVI. The libretto is by Rameau's frequent collaborator Louis de Cahusac. Cahusac styled the work a ""ballet allégorique"" (""allegorical ballet""), but it is usually categorised as an ""acte de ballet"". Its slender plot tells of Jupiter's announcement to a group of Egyptian shepherds of the birth of the god Osiris, who symbolises the baby prince. The piece may have started life as part of a larger work, ""Les beaux jours de l'Amour"", an ""opéra-ballet"" Rameau and Cahusac planned but never completed for reasons which are still uncertain.

Sue Ryder. Her birth and death certificates both put the date one year later, on 3 July 1924, as does a plaque unveiled in honour of Sue Ryder and Leonard Cheshire in Cavendish Church in Suffolk. At the beginning of the war, Ryder volunteered to the First Aid Nursing Yeomanry, even though she was only 15. To get in, she lied about her age and seems to have maintained the deception for the rest of her life.

Pak Nam-gi. Pak Nam-gi or Park Nam-ki (21 February 1934 – 17 March 2010) was, until as late as January 2010, Director of the Planning and Finance Department of the ruling party of North Korea. There are doubts about his date of birth, with at least two unattributed sources reporting it as 21 February 1934 or sometime in 1928 respectively.

William Shakespeare. William Shakespeare was the son of John Shakespeare, an alderman and a successful glover (glove-maker) originally from Snitterfield, and Mary Arden, the daughter of an affluent landowning farmer. He was born in Stratford-upon-Avon and baptised there on 26 April 1564. His actual date of birth remains unknown, but is traditionally observed on 23 April, Saint George's Day. This date, which can be traced to a mistake made by an 18th-century scholar, has proved appealing to biographers because Shakespeare died on the same date in 1616. He was the third of eight children, and the eldest surviving son.

List of Soul Eater episodes. Partial box sets (DVD only) Name Release date Discs Episodes Part One February 9, 2010 1 - 13 Part Two March 30, 2010 14 - 26 Part Three June 1, 2010 27 - 39 Part Four July 27, 2010 40 - 51

Conscription in Australia. In 1964 compulsory National Service for 20 - year - old males was introduced under the National Service Act (1964). The selection of conscripts was made by a sortition or lottery draw based on date of birth, and conscripts were obligated to give two years' continuous full - time service, followed by a further three years on the active reserve list. The full - time service requirement was reduced to eighteen months in October 1971.

Clara Morris. Clara Morris (March 17, 1849 – November 20, 1925) (her birth date is sometimes given as 1846/48) was an American actress.

Ratata (band). Ratata was a Swedish pop group fronted by Swedish vocalist Mauro Scocco formed in 1980. It functioned as a 4-piece band until 1983, when it was disbanded. But Johan Ekelund having played with the band briefly continued to cooperate with Scocco continuing as a duo until 1989. The duo had a brief comeback in 2002.

Yang Meng. Yang Meng was the third son of Yang Xingmi, a major warlord at the end of Tang Dynasty as the military governor (""Jiedushi"") of Huainan Circuit (淮南, headquartered in modern Yangzhou, Jiangsu). It is not known when he was born, although his immediately older brother Yang Longyan was born in 897 and his immediately younger brother Yang Pu was born in 900, placing a timeframe on his birth date. His mother's name was not recorded in history.

Mauro Scocco. Mauro Scocco (born 11 September 1962) is a Swedish pop artist of Italian descent. He has been described as ""one of the sharpest songwriters in Sweden"". Scocco was the singer for the pop group Ratata (1980–83) transformed into a duo with Johan Ekelund (1983–89). After Ratata, Scocco has continued as a solo artist since. In 2014, he cooperated with Plura Jonsson releasing a joint album as ""Mauro & Plura"".",,,2308,0
2hop__635544_110949,What is the date of birth of the person who was part of Ratata?,content,shorten,0,Make wording more concise.,1,"Shirley Abicair was born in Melbourne, Victoria, Australia. Some sources say 1935, but a contemporary account suggests she was 23 or 24 when she arrived in Britain. She was the only daughter of a Wing Commander in the RAAF.

This calendar era is based on the traditionally reckoned year of the conception or birth of Jesus of Nazareth, with AD counting years from the start of this epoch, and BC denoting years before the start of the era. Dionysius Exiguus created the system in 525. It became widely used after 800.

Švitrigaila was the youngest or second youngest son of Algirdas, Grand Duke of Lithuania. He first appeared in 1382 at the Treaty of Dubysa. At that time, he was at least 12, placing his birth before 1370. Before Algirdas died in 1377, he made Jogaila heir, with Jogaila swearing to make Švitrigaila his successor. Jogaila’s representatives did not deny this but said it had been changed by mutual agreement.

The term ""Australia Day"" was adopted in 1935. Australia became a federation on New Year's Day 1901. Celebrations began in 1808, with the first official event in 1818.

Pir Syed Muhammad Binyamin Rizvi (15 August 1959 – 24 June 2004) was the oldest son of Pir Syed Mohammad Yaqoob Shah, a Pakistani politician. He was brutally murdered in Lahore near his house on 24 June 2004 and is buried next to his father, late Pir Syed Mohammad Yaqoob Shah, in his hometown Phalia.

Pak Nam-gi or Park Nam-ki (21 February 1934 – 17 March 2010) was a North Korean politician. His birth date is uncertain, with at least two unattributed sources reporting it as 21 February 1934 or sometime in 1928. Until as late as January 2010, he was Director of the Planning and Finance Department of the ruling party of North Korea.

Yang Meng was the third son of Yang Xingmi, military governor of Huainan. His immediately older brother Yang Longyan was born in 897 and his immediately younger brother Yang Pu was born in 900. His birth year is unknown.

Mauro Scocco (born 11 September 1962) is a Swedish pop artist of Italian heritage. He was the singer for the pop group Ratata (1980–83); after 1983, the group continued as a duo with Johan Ekelund until 1989. Since then, Scocco has worked as a solo artist and released an album with Plura Jonsson in 2014 as “Mauro & Plura.”

He has been described as ""one of the sharpest songwriters in Sweden.""","Shirley Abicair was born in Melbourne, Australia. Some sources say 1935, but a contemporary account suggests she was 23 or 24 when she arrived in Britain. She was the only daughter of a Royal Australian Air Force Wing Commander.

Anno Domini is the era based on the traditional year of Jesus’ birth. There is no year zero; AD 1 follows 1 BC. Dionysius Exiguus created the system in 525. It became widely used after 800.

Švitrigaila was the youngest or second youngest son of Algirdas, Grand Duke of Lithuania. He first appeared in 1382 at the Treaty of Dubysa. At that time, he was at least 12, placing his birth before 1370. Before Algirdas died in 1377, he made Jogaila heir, with Jogaila swearing to make Švitrigaila his successor. Jogaila’s representatives did not deny this but said it had been changed by mutual agreement.

The U.S. Constitution uses “natural born Citizen” without definition. Early 21st-century scholars and case law agree natural born citizens are those born in the U.S., with some including those who became citizens at birth anywhere. All presidents met at least one of these conditions.

Australia Day marks the 1788 British claim of the eastern seaboard. Celebrations began in 1808, with the first official event in 1818. In 1901, Australia became a federation. The name “Australia Day” emerged in 1935. It became a nationwide public holiday in 1994.

Pir Syed Muhammad Binyamin Rizvi (15 Aug 1959 – 24 Jun 2004) was a Pakistani politician. He was the eldest son of Pir Syed Mohammad Yaqoob Shah. Rizvi was killed in Lahore in 2004 and is buried beside his father in Phalia.

Pak Nam-gi (21 Feb 1934 – 17 Mar 2010) was director of the Planning and Finance Department in North Korea. His birth date is uncertain, with reports of 1934 and 1928.

Yang Meng was the third son of Yang Xingmi, military governor of Huainan. His older brother was born in 897, younger in 900. His birth year is unknown.

Mauro Scocco (born 11 Sep 1962) is a Swedish pop artist of Italian heritage. He was lead singer of Ratata from 1980 to 1983. With Johan Ekelund, Ratata became a duo until 1989. Since then, Scocco has worked as a solo artist and released an album with Plura Jonsson in 2014 as “Mauro & Plura.”","Verdict: The draft is mostly faithful to the original, but contains several factual inaccuracies and distortions regarding family relationships, positions, and the chronology of events.

Issues:
- Issue: ""eldest son of Pir Syed Mohammad Yaqoob Shah"" — Correction: ""oldest son of Pir Syed Mohammad Yaqoob Shah""
- Issue: ""Pak Nam-gi (21 Feb 1934 – 17 Mar 2010) was director of the Planning and Finance Department in North Korea."" — Correction: ""Pak Nam-gi or Park Nam-ki (21 February 1934 – 17 March 2010) was, until as late as January 2010, Director of the Planning and Finance Department of the ruling party of North Korea.""
- Issue: ""He was the lead singer of Ratata from 1980 to 1983. With Johan Ekelund, Ratata became a duo until 1989."" — Correction: ""He was the singer for the pop group Ratata (1980–83), which became a duo with Johan Ekelund (1983–89).""
- Issue: ""older brother was born in 897, younger in 900"" — Correction: ""immediately older brother Yang Longyan was born in 897 and his immediately younger brother Yang Pu was born in 900""
- Issue: ""She was the only daughter of a Royal Australian Air Force Wing Commander."" — Correction: ""She was the only daughter of a Wing Commander in the RAAF.""
- Issue: ""Pir Syed Muhammad Binyamin Rizvi ... killed in Lahore in 2004 and is buried beside his father in Phalia."" — Correction: ""He was brutally murdered in Lahore near his house on 24 June 2004 and is buried next to his father, late Pir Syed Mohammad Yaqoob Shah, in his hometown Phalia.""
- Issue: ""Anno Domini is the era based on the traditional year of Jesus’ birth."" — Correction: ""This calendar era is based on the traditionally reckoned year of the conception or birth of Jesus of Nazareth, with AD counting years from the start of this epoch, and BC denoting years before the start of the era.""
- Issue: ""The name 'Australia Day' emerged in 1935."" — Correction: ""The term 'Australia Day' was adopted in 1935.""
- Issue: ""He was the lead singer of Ratata from 1980 to 1983. With Johan Ekelund, Ratata became a duo until 1989."" — Correction: ""He was the singer for the pop group Ratata (1980–83), which was transformed into a duo with Johan Ekelund (1983–89).""
- Issue: ""She was born in Melbourne, Australia."" — Correction: ""She was born in Melbourne, Victoria, Australia.""
- Issue: ""She was the only daughter of a Royal Australian Air Force Wing Commander."" — Correction: ""She was the only daughter of a Wing Commander in the RAAF.""
- Issue: ""The full-time service requirement was reduced to eighteen months in October 1971."" — Correction: ""The full-time service requirement was reduced to eighteen months in October 1971.""
- Issue: ""He was the singer for Ratata from 1980 to 1983, then a duo with Johan Ekelund until 1989."" — Correction: ""He was the singer for the pop group Ratata (1980–83); after 1983, the group continued as a duo with Johan Ekelund until 1989.""
- Issue: ""Pak Nam-gi ... birth date is uncertain, with reports of 1934 and 1928."" — Correction: ""Pak Nam-gi (21 February 1934 – 17 March 2010) was a North Korean politician. His birth date is uncertain, with at least two unattributed sources reporting it as 21 February 1934 or sometime in 1928.""
- Issue: ""The consensus of early 21st-century scholars, together with relevant case law, is that natural born citizens are those born in the U.S., with some including those who became citizens at birth anywhere."" — Correction: ""The consensus of early 21st-century constitutional scholars, together with relevant case law, is that natural born citizens include, subject to exceptions, those born in the United States. Many scholars have also concluded that those who meet the legal requirements for U.S. citizenship at the moment of birth are also natural born citizens.""
- Issue: ""Australia became a federation on New Year's Day 1901."" — Correction: ""Australia became a federation on New Year's Day 1901.""
- Issue: ""He has been described as 'one of the sharpest songwriters in Sweden'."" — Correction: ""He has been described as 'one of the sharpest songwriters in Sweden'. (No factual change,",601,575
2hop__635544_110949,What is the date of birth of the person who was part of Ratata?,content,elaborate,0,,0,"Shirley Abicair. Shirley Abicair was born in Melbourne, Victoria, Australia. Some sources show her year of birth as 1935, but a contemporary account shows she was 23 or 24 on arrival in Britain and, as she had completed tertiary studies in Australia, the earlier date seems more likely. She was the only daughter of a Wing Commander in the RAAF.

Anno Domini. This calendar era is based on the traditionally reckoned year of the conception or birth of Jesus of Nazareth, with AD counting years from the start of this epoch, and BC denoting years before the start of the era. There is no year zero in this scheme, so the year AD 1 immediately follows the year 1 BC. This dating system was devised in 525 by Dionysius Exiguus of Scythia Minor, but was not widely used until after 800.

Švitrigaila. Švitrigaila was born to Algirdas, Grand Duke of Lithuania, and his second wife Uliana of Tver. His date of birth is unknown, but it is believed that he was the youngest or second youngest son of Algirdas. He first appeared in politics in October 1382 when he witnessed the Treaty of Dubysa between his elder brother Jogaila and the Teutonic Knights. Historians believe that would indicate that at the time Švitrigaila was no younger than 12 which would put his date of birth sometime before 1370. In a complaint submitted to the Council of Florence, Švitrigaila claimed that he and Jogaila were favorite sons of Algirdas. Before his death in 1377, Algirdas transferred his throne to Jogaila but made him swear to make Švitrigaila his heir. Jogaila's representatives did not outright deny the arrangement and instead claimed that it had been modified by mutual agreement between the brothers.

Natural-born-citizen clause. The U.S. Constitution uses but does not define the phrase ``natural born Citizen '', and various opinions have been offered over time regarding its precise meaning. The consensus of early 21st - century constitutional scholars, together with relevant case law, is that natural - born citizens include, subject to exceptions, those born in the United States. Many scholars have also concluded that those who meet the legal requirements for U.S. citizenship`` at the moment of birth'', regardless of place of birth, are also natural - born citizens. Every president to date was either a citizen at the adoption of the Constitution in 1789 or was born in the United States; of these there have been seven that had at least one parent who was not born on U.S. soil.

Australia Day. The meaning and significance of Australia Day has evolved over time. Unofficially, or historically, the date has also been variously named ``Anniversary Day '',`` Foundation Day'', and ``ANA Day ''. 26 January 1788 marked the proclamation of British sovereignty over the eastern seaboard of Australia (then known as New Holland). Although it was not known as Australia Day until over a century later, records of celebrations on 26 January date back to 1808, with the first official celebration of the formation of New South Wales held in 1818. On New Year's Day 1901, the British colonies of Australia formed a federation, marking the birth of modern Australia. A national day of unity and celebration was looked for. It was not until 1935 that all Australian states and territories adopted use of the term`` Australia Day'' to mark the date, and not until 1994 that the date was consistently marked by a public holiday on that day by all states and territories.

Giovanni Cifolelli. Giovanni Cifolelli was an Italian mandolin virtuoso and dramatic composer whose date and place of birth are unknown. In 1764 he made his appearance in Paris as a mandolin virtuoso and was highly esteemed, both as a performer and teacher. He published his ""Method for the mandolin"" while residing in Paris, which met with great success throughout France, being the most popular of its period.

Maureen Payne. Maureen Payne (date of birth unknown, died 1997, South Africa) was a South Africa Test cricketer. She captained the side for their second series, played against New Zealand in 1971–72. She appeared in five Tests for South Africa, claiming eight wickets.

List of Dragon Ball Super episodes. Name Date Discs Episodes Part One July 25, 2017 01 -- 13 Part Two October 3, 2017 14 -- 26 Part Three February 20, 2018 27 -- 39

Streams of Expression. Streams of Expression is the 20th studio album by American jazz musician Joe Lovano to be released on the Blue Note label. It was released in 2006 and features a five-part ""Streams of Expression Suite,"" three-part ""Birth of the Cool Suite,"" and three other shorter works. The ""Birth of the Cool Suite"" was conducted by Gunther Schuller and utilizes melodic themes inspired by Miles Davis' work from his 1948 and 1950 nonet. The album also features George Garzone, Ralph Lalama, Gary Smulyan, and Tim Hagans.

Pir Syed Muhammad Binyamin Rizvi. Pir Syed Muhammad Binyamin Rizvi (Urdu: پیر سید محمد بنیامین رضوی)date of Birth 15 Aug 1959 date of Death 24 June 2004) was a Pakistani politician. He was the oldest son of Pir Syed Mohammad Yaqoob Shah (a famous spiritual and religious scholar, and member of provincial assembly who died on 31 August 1991). On 24 June 2004 he was brutally murdered in Lahore near his House. He is buried next to his father late Pir Syed Mohammad Yaqoob Shah in his home town Phalia.

La naissance d'Osiris. La naissance d'Osiris, ou La fête Pamilie (""The Birth of Osiris, or The Festival of Pamylia"") is a one-act opera by Jean-Philippe Rameau, first performed on 12 October 1754 at Fontainebleau to celebrate the birth of the future King Louis XVI. The libretto is by Rameau's frequent collaborator Louis de Cahusac. Cahusac styled the work a ""ballet allégorique"" (""allegorical ballet""), but it is usually categorised as an ""acte de ballet"". Its slender plot tells of Jupiter's announcement to a group of Egyptian shepherds of the birth of the god Osiris, who symbolises the baby prince. The piece may have started life as part of a larger work, ""Les beaux jours de l'Amour"", an ""opéra-ballet"" Rameau and Cahusac planned but never completed for reasons which are still uncertain.

Sue Ryder. Her birth and death certificates both put the date one year later, on 3 July 1924, as does a plaque unveiled in honour of Sue Ryder and Leonard Cheshire in Cavendish Church in Suffolk. At the beginning of the war, Ryder volunteered to the First Aid Nursing Yeomanry, even though she was only 15. To get in, she lied about her age and seems to have maintained the deception for the rest of her life.

Pak Nam-gi. Pak Nam-gi or Park Nam-ki (21 February 1934 – 17 March 2010) was, until as late as January 2010, Director of the Planning and Finance Department of the ruling party of North Korea. There are doubts about his date of birth, with at least two unattributed sources reporting it as 21 February 1934 or sometime in 1928 respectively.

William Shakespeare. William Shakespeare was the son of John Shakespeare, an alderman and a successful glover (glove-maker) originally from Snitterfield, and Mary Arden, the daughter of an affluent landowning farmer. He was born in Stratford-upon-Avon and baptised there on 26 April 1564. His actual date of birth remains unknown, but is traditionally observed on 23 April, Saint George's Day. This date, which can be traced to a mistake made by an 18th-century scholar, has proved appealing to biographers because Shakespeare died on the same date in 1616. He was the third of eight children, and the eldest surviving son.

List of Soul Eater episodes. Partial box sets (DVD only) Name Release date Discs Episodes Part One February 9, 2010 1 - 13 Part Two March 30, 2010 14 - 26 Part Three June 1, 2010 27 - 39 Part Four July 27, 2010 40 - 51

Conscription in Australia. In 1964 compulsory National Service for 20 - year - old males was introduced under the National Service Act (1964). The selection of conscripts was made by a sortition or lottery draw based on date of birth, and conscripts were obligated to give two years' continuous full - time service, followed by a further three years on the active reserve list. The full - time service requirement was reduced to eighteen months in October 1971.

Clara Morris. Clara Morris (March 17, 1849 – November 20, 1925) (her birth date is sometimes given as 1846/48) was an American actress.

Ratata (band). Ratata was a Swedish pop group fronted by Swedish vocalist Mauro Scocco formed in 1980. It functioned as a 4-piece band until 1983, when it was disbanded. But Johan Ekelund having played with the band briefly continued to cooperate with Scocco continuing as a duo until 1989. The duo had a brief comeback in 2002.

Yang Meng. Yang Meng was the third son of Yang Xingmi, a major warlord at the end of Tang Dynasty as the military governor (""Jiedushi"") of Huainan Circuit (淮南, headquartered in modern Yangzhou, Jiangsu). It is not known when he was born, although his immediately older brother Yang Longyan was born in 897 and his immediately younger brother Yang Pu was born in 900, placing a timeframe on his birth date. His mother's name was not recorded in history.

Mauro Scocco. Mauro Scocco (born 11 September 1962) is a Swedish pop artist of Italian descent. He has been described as ""one of the sharpest songwriters in Sweden"". Scocco was the singer for the pop group Ratata (1980–83) transformed into a duo with Johan Ekelund (1983–89). After Ratata, Scocco has continued as a solo artist since. In 2014, he cooperated with Plura Jonsson releasing a joint album as ""Mauro & Plura"".",,,2308,0
2hop__635544_110949,What is the date of birth of the person who was part of Ratata?,content,elaborate,0,"Elaborate on the content, adding relevant details while staying faithful to the source text.",1,"Shirley Abicair was born in Melbourne, Victoria, Australia. She was the only daughter of a Wing Commander in the Royal Australian Air Force. Her birth date is sometimes given as 1928 or 21 February 1934, but it is actually unknown.

Anno Domini, meaning ""in the year of the Lord,"" refers to the calendar system established by the reckoning of the traditionally accepted year of Jesus of Nazareth's conception or birth. In this system, years are counted forward from AD 1 and backward from 1 BC, with no year zero separating them. The Anno Domini era was first proposed by Dionysius Exiguus, a monk from Scythia Minor, in 525, but widespread adoption did not occur until after the year 800.

Švitrigaila was a notable figure in Lithuanian history, the son of Algirdas, Grand Duke of Lithuania, and his second wife Uliana of Tver. The exact date of his birth is unknown; however, he is believed to have been the youngest or second youngest of Algirdas's many children. His earliest documented involvement in politics occurred in October 1382, when he served as a witness to the Treaty of Dubysa between his older brother Jogaila and the Teutonic Order. Based on this appearance, historians estimate he was no younger than 12 years old at the time, suggesting he was likely born sometime before 1370. Upon Algirdas's death in 1377, Algirdas reportedly made Jogaila promise to designate Švitrigaila as his heir. Jogaila's representatives acknowledged this arrangement but claimed that the succession plan had been altered by mutual agreement between the brothers.

The natural-born citizen clause in the U.S. Constitution appears in Article II, Section 1, Clause 5. It is not explicitly defined within the document. Through subsequent legal interpretations and the consensus of early 21st-century constitutional scholars, it is understood that natural-born citizens generally include those born in the United States, subject to certain exceptions. Additionally, individuals who fulfilled the legal requirements for U.S. citizenship at the time of their birth, regardless of location, are also considered natural-born citizens. To date, every U.S. president was either already a citizen when the Constitution was adopted in 1789 or was born in the United States, and among these presidents, seven had at least one parent who was not a U.S. citizen by birth.

Australia Day commemorates the establishment of modern Australia. On 26 January 1788, Captain Arthur Phillip proclaimed British sovereignty over the eastern part of the continent, then known as New Holland. While the name ""Australia Day"" did not come into common use until 1935, records indicate that informal celebrations date back to 1808, with the first official celebration for the new colony of New South Wales held in 1818. On New Year's Day in 1901, the British colonies federated to form the Commonwealth of Australia, leading to a search for a national day of celebration. The term ""Australia Day"" became universally adopted in 1935, and it was not until 1994 that the day was consistently recognized as a public holiday across all Australian states and territories.

Mauro Scocco is a Swedish pop artist of Italian heritage, born on 11 September 1962. Known for his sharp songwriting, Scocco first gained prominence as the frontman of the pop group Ratata, formed in 1980. The group operated as a quartet until 1983, after which it disbanded, though Scocco continued to collaborate with Johan Ekelund as a duo until 1989. Following the dissolution of Ratata, Scocco pursued a solo career. In 2014, he reunited with Plura Jonsson to release a collaborative album under the name ""Mauro & Plura.""

Maureen Payne, whose birth date is unknown and who died in 1997 in South Africa, was a prominent cricketer for the South African national team and captained the team during their second Test series against New Zealand in 1971–1972, taking eight wickets in her five Test matches.

The list of Dragon Ball Super episodes is divided into three parts. Part One aired from July 25, 2017, covering episodes 1 through 13. Part Two began on October 3, 2017, with episodes 14 to 26. Part Three started on February 20, 2018, comprising episodes 27 to 39. There is no Part Four beginning in 2010 as stated in the draft.","Shirley Abicair was born in Melbourne, Victoria, Australia. While some references suggest 1935 as her birth year, contemporary accounts indicate she was either 23 or 24 years old upon arriving in Britain. Given that she had already completed tertiary studies in Australia at that time, the earlier year is considered more likely. She was the only daughter of a Wing Commander in the Royal Australian Air Force.

Anno Domini, meaning ""in the year of the Lord,"" refers to the calendar system established by the reckoning of the traditionally accepted year of Jesus of Nazareth's conception or birth. In this system, years are counted forward from AD 1 and backward from 1 BC, with no year zero separating them. The Anno Domini era was first proposed by Dionysius Exiguus, a monk from Scythia Minor, in 525, but widespread adoption did not occur until after the year 800.

Švitrigaila, a notable figure in Lithuanian history, was the son of Algirdas, Grand Duke of Lithuania, and his second wife Uliana of Tver. The exact date of Švitrigaila's birth is unknown; however, he is believed to have been the youngest or second youngest of Algirdas's many children. His earliest documented involvement in politics occurred in October 1382, when he served as a witness to the Treaty of Dubysa between his older brother Jogaila and the Teutonic Order. Based on this appearance, historians estimate he was no younger than 12 years old at the time, suggesting he was likely born sometime before 1370. Upon Algirdas's death in 1377, Algirdas reportedly made Jogaila promise to designate Švitrigaila as his heir. Jogaila's representatives acknowledged this arrangement but claimed that the succession plan had been altered by mutual agreement between the brothers.

The natural-born citizen clause in the U.S. Constitution refers to the requirement for presidential eligibility. Although the phrase is used in Article II, Section 1, Clause 5, it is not explicitly defined within the document. Through subsequent legal interpretations and the consensus of early 21st-century constitutional scholars, it is understood that natural-born citizens generally include those born in the United States, subject to certain exceptions. Additionally, individuals who fulfilled the legal requirements for U.S. citizenship at the time of their birth, regardless of location, are also considered natural-born citizens. To date, every U.S. president was either already a citizen when the Constitution was adopted in 1789 or was born in the United States, and among these presidents, seven had at least one parent who was not a U.S. citizen by birth.

Australia Day commemorates the establishment of modern Australia. On 26 January 1788, Captain Arthur Phillip proclaimed British sovereignty over the eastern part of the continent, then known as New Holland. While the name ""Australia Day"" did not come into common use until 1935, records indicate that informal celebrations date back to 1808, with the first official celebration for the new colony of New South Wales held in 1818. On New Year's Day in 1901, the British colonies federated to form the Commonwealth of Australia, leading to a search for a national day of celebration. The term ""Australia Day"" became universally adopted in 1935, and it was not until 1994 that the day was consistently recognized as a public holiday across all Australian states and territories.

Mauro Scocco is a Swedish pop artist of Italian heritage, born on 11 September 1962. Renowned for his sharp songwriting, Scocco first gained prominence as the frontman of the pop group Ratata, which was formed in 1980. The band operated as a quartet until 1983, after which it disbanded, though Scocco continued to collaborate with Johan Ekelund as a duo until 1989. Following the dissolution of Ratata, Scocco pursued a solo career. In 2014, he reunited with Plura Jonsson to release a collaborative album under the name ""Mauro & Plura.""

Yang Meng was a historical figure and the third son of Yang Xingmi, a prominent warlord and military governor (Jiedushi) of the Huainan Circuit, based in modern-day Yangzhou, Jiangsu province. The exact date of Yang Meng's birth is unknown, but he is believed to have been born between the years of his older brother Yang Longyan (born 897) and younger brother Yang Pu (born 900), narrowing his likely birth year to sometime between those dates. His mother's identity remains unrecorded in historical sources.

Pir Syed Muhammad Binyamin Rizvi (15 August 1959 – 24 June 2004) was a Pakistani politician and the eldest son of Pir Syed Mohammad Yaqoob Shah, a respected spiritual leader and provincial assembly member who passed away on 31 August 1991. Rizvi served as the director of the Planning and Finance Department within North Korea's ruling party until at least January 2010. Some sources question his birth year, with at least two reporting it as either 21 February 1934 or sometime around 1928.

""La naissance d'Osiris, ou La fête Pamilie"" is a one-act opera composed by Jean-Philippe Rameau, with a libretto by Louis de Cahusac. The work premiered on 12 October 1754 in Fontainebleau to commemorate the birth of the future King Louis XVI. The opera, sometimes referred to as an allegorical ballet, centers on Jupiter's announcement of Osiris's birth to Egyptian shepherds, using the newborn god as a symbol of the prince. Some historians suggest the opera may have originated as part of a larger, unfinished work titled ""Les beaux jours de l'Amour,"" an opéra-ballet that Rameau and Cahusac never completed for unclear reasons.

Maureen Payne, whose birth date is unknown and who died in 1997 in South Africa, was a prominent cricketer for the South African national team. She captained the team during their second Test series against New Zealand in 1971–1972 and took eight wickets in her five Test matches.

The list of Dragon Ball Super episodes is divided into four parts. Part One aired from July 25, 2017, covering episodes 1 through 13. Part Two began on October 3, 2017, with episodes 14 to 26. Part Three was released starting February 20, 2018, comprising episodes 27 to 39. The series continues in Part Four, which began on July 27, 2010, covering episodes 40 to 51.

Conscription in Australia was formally instituted in 1964 through the National Service Act. Males turning 20 years old were selected for service by a random lottery based on date of birth. Conscription required individuals to serve two consecutive years of full-time military duty, followed by three years on the active reserve list. In October 1971, the continuous full-time service period was shortened to eighteen months.","Verdict: The draft is mostly faithful to the original, but there are several factual distortions and errors, especially regarding the ""List of Dragon Ball Super episodes"" and ""Conscription in Australia."" Other sections contain minor inaccuracies or ambiguities in phrasing or entity details.

Issues:
- Issue: ""Part Four, which began on July 27, 2010, covering episodes 40 to 51."" — Correction: The original states that Part Four began on July 27, 2010, but the correct series timeline for Dragon Ball Super does not include episodes up to 51 in 2010; the original lists the Dragon Ball Super episode parts as airing between 2017 and 2018, with Part Four not being part of that series. The original does not mention a Part Four for Dragon Ball Super with episodes 40–51 in 2010; that date and episode range are incorrect.
- Issue: ""Conscription in Australia was formally instituted in 1964 through the National Service Act. Males turning 20 years old were selected for service by a random lottery based on date of birth."" — Correction: The original specifies that conscription was based on a sortition or lottery draw based on date of birth, but does not state that ""males turning 20 years old were selected""; rather, it was 20-year-old males who were liable, and selection was by a lottery based on date of birth. The draft's phrasing is less precise and introduces ambiguity about the selection process.
- Issue: ""Some sources question his birth year, with at least two reporting it as either 21 February 1934 or sometime around 1928."" — Correction: The original refers to Švitrigaila, not Pir Syed Muhammad Binyamin Rizvi. For Švitrigaila, the original says ""There are doubts about his date of birth, with at least two unattributed sources reporting it as 21 February 1934 or sometime in 1928."" The draft incorrectly applies this to Pir Syed Muhammad Binyamin Rizvi, and also misstates the name of the country as ""North Korea"" instead of Lithuania.
- Issue: ""Pir Syed Muhammad Binyamin Rizvi ... was a Pakistani politician ... until at least January 2010."" — Correction: The original states he was the director of the Planning and Finance Department of the ruling party of North Korea, but this is an error; the original refers to Švitrigaila, a Lithuanian figure, not a Pakistani one, and not connected to North Korea. The draft confuses the subject and the country.
- Issue: ""The birth date is sometimes given as 1846/48"" — Correction: The original says ""birth date is unknown and is sometimes given as 1846/48,"" but the draft omits the uncertainty and presents the date as known but disputed, which is less precise than the original.
- Issue: ""The series continues in Part Four, which began on July 27, 2010, covering episodes 40 to 51."" — Correction: The original does not mention a Part Four for Dragon Ball Super with those episodes and that date. The original only lists three parts for the series, with the last part (Part Three) beginning February 20, 2018, covering episodes 27–39. The draft erroneously adds a Part Four for 2010, which is incorrect.
- Issue: ""He was the only daughter of a Wing Commander in the Royal Australian Air Force."" — Correction: The original says ""She was the only daughter of a Wing Commander in the RAAF."" The draft omits the gender pronoun and does not clarify that ""he"" should be ""she.""
- Issue: ""The phrase is used in Article II, Section 1, Clause 5."" — Correction: The original says ""in Article II, Section 1, Clause 5,"" but the original simply states ""in Article II, Section 1, Clause 5,"" without specifying the phrase is ""used"" there; the original does not elaborate on the exact location of the phrase in the Constitution beyond ""in Article II, Section 1, Clause 5.""
- Issue: ""The work may have started life as part of a larger work, 'Les beaux jours de l'Amour,' an opéra-ballet that Rameau and Cahusac never completed for reasons which are still uncertain."" — Correction: The original says ""Some historians suggest the opera may have originated as part of a larger, unfinished work titled 'Les beaux jours de l'Amour,' an opéra-ballet that Rameau and Cahusac never completed for unclear reasons."" The draft changes ""Some historians suggest"" to ""The work may have started life as part of a larger work,"" which is less precise.
- Issue: ""He was the son of ... Uliana of Tver."" — Correction: The original says",951,1482
